{
    "ignoreCEM": false,
    "enableAnvilModification": true,
    "favoriteButtonPosition": "TOP_RIGHT",
    "compareItemGroupRenames": true,
    "generateSpawnEggsInItemGroup": true,
    "loadModBuiltinResources": true,
    "openByDefault": false,
    "offsetMenu": true,
    "showPackName": true,
    "showExtraProperties": true,
    "highlightSelected": true,
    "recolorFavoriteTooltip": true,
    "renderStarInFavoriteTooltip": false,
    "highlightSlot": true,
    "slotHighlightColorALPHA": 50,
    "slotHighlightColorRGB": 8454143,
    "highlightTooltipSlotWrong": true,
    "highlightTooltipSlotSelected": false,
    "enablePreview": true,
    "previewPos": "LEFT",
    "playerPreviewByDefault": false,
    "spinMobPreview": true,
    "spinPlayerPreview": false,
    "disableSnowGolemPumpkin": false,
    "scaleFactorItem": 2.0,
    "scaleFactorEntity": 1.0,
    "alwaysAllowPlayerPreviewHead": false,
    "disableTooltipHints": false,
    "disablePageArrowsHints": false,
    "updateConfig": true,
    "showNamePattern": false,
    "showOriginalProperties": false,
    "fixDelayedPacketsChangingTab": false,
    "showDescription": true
}